level,start,end,name,link,prize
major,20160109,20160124,GPL 2015 - Grand Finals,https://liquipedia.net/starcraft2/GPL_2015/Grand_Finals,20500
premier,20160122,20160124,2016 DreamHack Open: Leipzig,https://liquipedia.net/starcraft2/2016_DreamHack_Open/Leipzig,50000
major,20160107,20160201,"2016 WCS Winter Regional Challengers: Taiwan, Hong Kong, Macau",https://liquipedia.net/starcraft2/2016_WCS_Winter_Regional_Challengers/Taiwan_Hong_Kong_Macau,10000
major,20160201,20160202,IEM Season X - Taipei,https://liquipedia.net/starcraft2/IEM_Season_X_-_Taipei,25000
major,20160213,20160214,2016 WCS Winter Regional Challengers: Europe,https://liquipedia.net/starcraft2/2016_WCS_Winter_Regional_Challengers/Europe,9800
major,20160213,20160214,2016 WCS Winter Regional Challengers: North America,https://liquipedia.net/starcraft2/2016_WCS_Winter_Regional_Challengers/North_America,9800
major,20160213,20160214,"2016 WCS Winter Regional Challengers: Oceania, SEA, Japan",https://liquipedia.net/starcraft2/2016_WCS_Winter_Regional_Challengers/Oceania_SEA_Japan,10000
major,20160208,20160217,Copa América 2016 Season 1,https://liquipedia.net/starcraft2/Copa_America_2016/Season_1,10000
premier,20160302,20160305,2016 WCS Circuit: Winter Circuit Championship,https://liquipedia.net/starcraft2/2016_WCS_Winter_Circuit_Championship,150000
major,20160218,20160316,Ting Open Season 1,https://liquipedia.net/starcraft2/Ting_Open_Season_1,5000
premier,20160321,20160326,Gold Series International 2016,https://liquipedia.net/starcraft2/Gold_Series_International_2016,50000
major,20160406,20160406,2016 WCS Spring Regional Challengers: China,https://liquipedia.net/starcraft2/2016_WCS_Spring_Regional_Challengers/China,10000
premier,20160107,20160409,2016 StarCraft II StarLeague Season 1,https://liquipedia.net/starcraft2/2016_StarCraft_II_StarLeague_Season_1/Main_Event,113364
major,20160331,20160409,Copa América 2016 Season 2,https://liquipedia.net/starcraft2/Copa_America_2016/Season_2,10000
major,20160408,20160409,2016 WCS Spring Regional Challengers: Europe,https://liquipedia.net/starcraft2/2016_WCS_Spring_Regional_Challengers/Europe,10000
major,20160408,20160409,2016 WCS Spring Regional Challengers: North America,https://liquipedia.net/starcraft2/2016_WCS_Spring_Regional_Challengers/North_America,10000
major,20160416,20160417,"2016 WCS Spring Regional Challengers: Oceania, SEA, Japan",https://liquipedia.net/starcraft2/2016_WCS_Spring_Regional_Challengers/Oceania_SEA_Japan,10000
major,20160328,20160423,"2016 WCS Spring Regional Challengers: Taiwan, Hong Kong, Macau",https://liquipedia.net/starcraft2/2016_WCS_Spring_Regional_Challengers/Taiwan_Hong_Kong_Macau,9275
premier,20160108,20160501,2016 Global StarCraft II League Season 1,https://liquipedia.net/starcraft2/2016_Global_StarCraft_II_League_Season_1/Code_S,194480
major,20160308,20160508,ESL Meisterschaft - Spring Season 2016,https://liquipedia.net/starcraft2/ESL_Meisterschaft/Spring_Season_2016,6272
premier,20160506,20160508,2016 DreamHack Open: Austin,https://liquipedia.net/starcraft2/2016_DreamHack_Open/Austin,50000
premier,20160514,20160516,2016 WCS Circuit: Spring Circuit Championship,https://liquipedia.net/starcraft2/2016_WCS_Spring_Circuit_Championship,150000
major,20160414,20160520,World Cyber Arena 2016: Asia Spring Qualifier,https://liquipedia.net/starcraft2/World_Cyber_Arena_2016/Asia/Spring,15350
premier,20160522,20160522,2016 WCS Korea Season 1 Cross Finals,https://liquipedia.net/starcraft2/2016_WCS_Korea_Season_1_Cross_Finals,25740
major,20160331,20160523,2016 Kung Fu Cup Season 1,https://liquipedia.net/starcraft2/Kung_Fu_Cup/2016/1,23000
major,20160523,20160531,BaseTradeTV Map Test Tournament,https://liquipedia.net/starcraft2/BaseTradeTV_Map_Test_Tournament,4050
major,20160618,20160618,E-Sport SM 2016 Finals,https://liquipedia.net/starcraft2/E-Sport_SM_2016/Finals,4800
major,20160618,20160619,"2016 WCS Summer Regional Challengers: Oceania, SEA, Japan",https://liquipedia.net/starcraft2/2016_WCS_Summer_Regional_Challengers/Oceania_SEA_Japan,10000
premier,20160623,20160626,HomeStory Cup XIII,https://liquipedia.net/starcraft2/HomeStory_Cup/13,20000
major,20160623,20160703,GPL 2016 Season 2,https://liquipedia.net/starcraft2/GPL_2016_Season_2/Premier,14120
major,20160626,20160703,"2016 WCS Summer Regional Challengers: Taiwan, Hong Kong, Macau",https://liquipedia.net/starcraft2/2016_WCS_Summer_Regional_Challengers/Taiwan_Hong_Kong_Macau,9317
major,20160627,20160709,Copa América 2016 Season 3,https://liquipedia.net/starcraft2/Copa_America_2016/Season_3,10000
major,20160708,20160709,2016 WCS Summer Regional Challengers: Europe,https://liquipedia.net/starcraft2/2016_WCS_Summer_Regional_Challengers/Europe,10000
major,20160708,20160709,2016 WCS Summer Regional Challengers: North America,https://liquipedia.net/starcraft2/2016_WCS_Summer_Regional_Challengers/North_America,10000
premier,20160714,20160716,2016 DreamHack Open: Valencia,https://liquipedia.net/starcraft2/2016_DreamHack_Open/Valencia,50000
major,20160723,20160724,Cheesadelphia Summer 2016,https://liquipedia.net/starcraft2/Cheesadelphia_Summer_2016,4000
premier,20160728,20160731,IEM Season XI - Shanghai,https://liquipedia.net/starcraft2/IEM_Season_XI_-_Shanghai,50000
major,20160801,20160807,NEO Star League 2016 International,https://liquipedia.net/starcraft2/NEO_Star_League_2016_Season_1/International,62300
premier,20160812,20160814,2016 WCS Circuit: Summer Circuit Championship,https://liquipedia.net/starcraft2/2016_WCS_Summer_Circuit_Championship,150000
major,20160819,20160820,Bonjwa Cup,https://liquipedia.net/starcraft2/Bonjwa_Cup,6229
major,20160809,20160827,World Cyber Arena 2016: Europe Qualifier,https://liquipedia.net/starcraft2/World_Cyber_Arena_2016/Europe,15082
major,20160627,20160828,ESL Meisterschaft - Summer Season 2016,https://liquipedia.net/starcraft2/ESL_Meisterschaft/Summer_Season_2016,4816
major,20160826,20160828,WESG 2016 - Africa  Middle East Qualifier,https://liquipedia.net/starcraft2/World_Electronic_Sports_Games_2016/Africa_%26_Middle_East,27428
premier,20160527,20160910,2016 Global StarCraft II League Season 2,https://liquipedia.net/starcraft2/2016_Global_StarCraft_II_League_Season_2/Code_S,194480
premier,20160602,20160911,2016 StarCraft II StarLeague Season 2,https://liquipedia.net/starcraft2/2016_StarCraft_II_StarLeague_Season_2/Main_Event,120000
premier,20160910,20160911,WCS Copa Intercontinental,https://liquipedia.net/starcraft2/WCS_Copa_Intercontinental,50000
premier,20160925,20160925,2016 WCS Korea Season 2 Cross Finals,https://liquipedia.net/starcraft2/2016_WCS_Korea_Season_2_Cross_Finals,25740
major,20160925,20160925,Kings of the North Season 3,https://liquipedia.net/starcraft2/Kings_of_the_North_Season_3,3832
premier,20160927,20161003,2016 KeSPA Cup,https://liquipedia.net/starcraft2/2016_KeSPA_Cup,49735
major,20161001,20161004,WESG 2016 - Asia-Pacific China Qualifier,https://liquipedia.net/starcraft2/World_Electronic_Sports_Games_2016/Asia-Pacific/China,8088
major,20161006,20161009,WESG 2016 - Europe  CIS Qualifier,https://liquipedia.net/starcraft2/World_Electronic_Sports_Games_2016/Europe_%26_CIS,27428
major,20161013,20161014,Copa América 2016 Grand Finals,https://liquipedia.net/starcraft2/Copa_America_2016/Finals,10000
major,20161020,20161021,TaKe's Penthouse Party,https://liquipedia.net/starcraft2/TaKe%27s_Penthouse_Party_1,4350
major,20161011,20161023,2016 Kung Fu Cup Season 2,https://liquipedia.net/starcraft2/Kung_Fu_Cup/2016/2,23000
major,20161021,20161023,WESG 2016 - North  South America Qualifier,https://liquipedia.net/starcraft2/World_Electronic_Sports_Games_2016/North_%26_South_America,27428
premier,20161027,20161105,2016 WCS Global Playoffs and Finals,https://liquipedia.net/starcraft2/2016_WCS_Global_Playoffs_and_Finals,500000
major,20160919,20161111,World Cyber Arena 2016: China Season 3,https://liquipedia.net/starcraft2/World_Cyber_Arena_2016/China/Season_3,15350
major,20161110,20161112,WESG 2016 - Asia-Pacific Qualifier,https://liquipedia.net/starcraft2/World_Electronic_Sports_Games_2016/Asia-Pacific,27428
major,20161111,20161113,World Cyber Arena StarCraft 2016 Americas Qualifier,https://liquipedia.net/starcraft2/World_Cyber_Arena_2016/Americas,13900
major,20161109,20161114,StarCraft II Cataclysm Tournament: The Beginning,https://liquipedia.net/starcraft2/StarCraft_II_Cataclysm_Tournament,6470
premier,20161117,20161120,HomeStory Cup XIV,https://liquipedia.net/starcraft2/HomeStory_Cup/14,20000
major,20161124,20161124,Nordic Championship 2016,https://liquipedia.net/starcraft2/Nordic_Championship_2016,5272
premier,20161210,20161212,World Cyber Arena 2016 Global Finals,https://liquipedia.net/starcraft2/World_Cyber_Arena_2016,43678
premier,20161214,20161218,IEM Season XI - Gyeonggi,https://liquipedia.net/starcraft2/IEM_Season_XI_-_Gyeonggi,35000
major,20161229,20170101,National Electronic Sports Open 2016,https://liquipedia.net/starcraft2/National_Electronic_Sports_Open_2016,12955
major,20161216,20170108,GPL 2016 - Grand Finals,https://liquipedia.net/starcraft2/GPL_2016/Grand_Finals,17305
major,20170101,20170108,OSC Championship Season 4,https://liquipedia.net/starcraft2/OSC_Championship_4,10000
major,20170107,20170108,Cheeseadelphia 4,https://liquipedia.net/starcraft2/Cheeseadelphia_4,4000
premier,20170112,20170115,World Electronic Sports Games 2016,https://liquipedia.net/starcraft2/World_Electronic_Sports_Games_2016,402000
premier,20170227,20170305,IEM Season XI - World Championship,https://liquipedia.net/starcraft2/IEM_Season_XI_-_World_Championship,250000
premier,20170104,20170326,2017 Global StarCraft II League Season 1,https://liquipedia.net/starcraft2/2017_Global_StarCraft_II_League_Season_1/Code_S,142660
major,20170208,20170326,Ting Open Season 3,https://liquipedia.net/starcraft2/Ting_Open_Season_3,5000
major,20170318,20170326,Copa América 2017 Season 1,https://liquipedia.net/starcraft2/Copa_America_2017/Season_1,10000
major,20170328,20170401,2017 WCS Austin - North America,https://liquipedia.net/starcraft2/2017_WCS_Austin/Qualifiers/North_America,10000
major,20170325,20170402,"2017 WCS Austin - Oceania, SEA Qualifier",https://liquipedia.net/starcraft2/2017_WCS_Austin/Qualifiers/SEA_Oceania,10000
major,20170404,20170408,2017 WCS Austin - Europe,https://liquipedia.net/starcraft2/2017_WCS_Austin/Qualifiers/Europe,10000
major,20170323,20170409,GPL 2017 Season 1 First Half,https://liquipedia.net/starcraft2/GPL_2017_Season_1_First_Half,24350
premier,20170406,20170409,2017 AfreecaTV GSL Super Tournament 1,https://liquipedia.net/starcraft2/2017_AfreecaTV_GSL_Super_Tournament_1,26940
major,20170401,20170413,"2017 WCS Austin - Taiwan, Hong Kong, Macau and Japan Qualifier",https://liquipedia.net/starcraft2/2017_WCS_Austin/Qualifiers/Taiwan,10000
major,20170316,20170420,2017 VSL Season 1 - Individual League,https://liquipedia.net/starcraft2/2017_VSL_Season_1/Individual_League,8762
premier,20170428,20170430,2017 WCS Austin,https://liquipedia.net/starcraft2/2017_WCS_Austin,100000
major,20170505,20170507,TaKe's Penthouse Party 2,https://liquipedia.net/starcraft2/TaKe%27s_Penthouse_Party_2,4350
major,20170506,20170507,DreamHack Tours 2017,https://liquipedia.net/starcraft2/2017_DreamHack/Tours,5499
major,20170516,20170520,2017 WCS Jönköping - Europe Qualifier,https://liquipedia.net/starcraft2/2017_WCS_J%C3%B6nk%C3%B6ping/Qualifiers/Europe,10000
major,20170503,20170521,GPL 2017 Season 1 Second Half,https://liquipedia.net/starcraft2/GPL_2017_Season_1_Second_Half,24404
major,20170513,20170521,"2017 WCS Jönköping - Oceania, SEA Qualifier",https://liquipedia.net/starcraft2/2017_WCS_J%C3%B6nk%C3%B6ping/Qualifiers/SEA_Oceania,7423
major,20170516,20170525,"2017 WCS Jönköping - Taiwan, Hong Kong, Macau and Japan Qualifier",https://liquipedia.net/starcraft2/2017_WCS_J%C3%B6nk%C3%B6ping/Qualifiers/Taiwan,9824
major,20170523,20170527,2017 WCS Jönköping - North America Qualifier,https://liquipedia.net/starcraft2/2017_WCS_J%C3%B6nk%C3%B6ping/Qualifiers/North_America,10000
major,20170516,20170528,Copa América 2017 Season 2,https://liquipedia.net/starcraft2/Copa_America_2017/Season_2,10000
major,20170324,20170603,2017 StarCraft II StarLeague Season 1 - Challenge,https://liquipedia.net/starcraft2/2017_StarCraft_II_StarLeague_Season_1/Challenge,11960
major,20170530,20170603,2017 WCS Valencia - Europe,https://liquipedia.net/starcraft2/2017_WCS_Valencia/Qualifiers/Europe,10000
major,20170530,20170608,"2017 WCS Valencia - Taiwan, Hong Kong, Macau and Japan Qualifier",https://liquipedia.net/starcraft2/2017_WCS_Valencia/Qualifiers/Taiwan,9824
premier,20170320,20170610,2017 StarCraft II StarLeague Season 1 - Premier,https://liquipedia.net/starcraft2/2017_StarCraft_II_StarLeague_Season_1/Premier,54910
major,20170606,20170610,2017 WCS Valencia - North America,https://liquipedia.net/starcraft2/2017_WCS_Valencia/Qualifiers/North_America,10000
major,20170617,20170618,Game Land Invitational,https://liquipedia.net/starcraft2/Game_Land_Invitational,7320
premier,20170617,20170619,2017 WCS Jönköping,https://liquipedia.net/starcraft2/2017_WCS_J%C3%B6nk%C3%B6ping,100000
premier,20170419,20170624,2017 Global StarCraft II League Season 2,https://liquipedia.net/starcraft2/2017_Global_StarCraft_II_League_Season_2/Code_S,152100
major,20170610,20170624,"2017 WCS Valencia - Oceania, SEA Qualifier",https://liquipedia.net/starcraft2/2017_WCS_Valencia/Qualifiers/SEA_Oceania,7542
major,20170625,20170630,GPL 2017 Season 2,https://liquipedia.net/starcraft2/GPL_2017_Season_2,8550
major,20170605,20170702,Copa América 2017 Season 3,https://liquipedia.net/starcraft2/Copa_America_2017/Season_3,10000
major,20170602,20170707,2017 VSL Season 2 - Individual League,https://liquipedia.net/starcraft2/2017_VSL_Season_2/Individual_League,8840
premier,20170713,20170715,2017 WCS Valencia,https://liquipedia.net/starcraft2/2017_WCS_Valencia,100000
major,20170720,20170723,HomeStory Cup XV,https://liquipedia.net/starcraft2/HomeStory_Cup/15,10000
major,20170721,20170723,DreamHack Atlanta 2017 BYOC,https://liquipedia.net/starcraft2/2017_DreamHack/Atlanta,7500
premier,20170727,20170730,IEM Season XII - Shanghai,https://liquipedia.net/starcraft2/IEM_Season_XII_-_Shanghai,25000
major,20170729,20170730,Cheeseadelphia 5,https://liquipedia.net/starcraft2/Cheeseadelphia_5,5000
major,20170723,20170803,"2017 WCS Montreal - Taiwan, Hong Kong, Macau and Japan Qualifier",https://liquipedia.net/starcraft2/2017_WCS_Montreal/Qualifiers/Taiwan,9824
major,20170629,20170805,Nordic Championship 2017 Summer,https://liquipedia.net/starcraft2/Nordic_Championship_2017/Summer,6182
premier,20170803,20170806,2017 GSL vs the World,https://liquipedia.net/starcraft2/2017_GSL_vs._the_World,96000
major,20170805,20170813,Copa América 2017 Season 4,https://liquipedia.net/starcraft2/Copa_America_2017/Season_4,10000
major,20170809,20170816,GPL 2017 Season 3,https://liquipedia.net/starcraft2/GPL_2017_Season_3,8550
major,20170818,20170819,2017 WCS Montreal - Europe,https://liquipedia.net/starcraft2/2017_WCS_Montreal/Qualifiers/Europe,10000
major,20170805,20170826,"2017 WCS Montreal - Oceania, SEA Qualifier",https://liquipedia.net/starcraft2/2017_WCS_Montreal/Qualifiers/SEA_Oceania,7903
major,20170825,20170826,2017 WCS Montreal - North America,https://liquipedia.net/starcraft2/2017_WCS_Montreal/Qualifiers/North_America,10000
major,20170702,20170827,Master's Coliseum 1,https://liquipedia.net/starcraft2/Master%27s_Coliseum/1,10000
major,20170907,20170910,WESG 2017 - Asia-Pacific China Qualifier,https://liquipedia.net/starcraft2/World_Electronic_Sports_Games_2017/Asia-Pacific/China,7926
premier,20170908,20170910,2017 WCS Montreal,https://liquipedia.net/starcraft2/2017_WCS_Montreal,100000
premier,20170705,20170916,2017 Global StarCraft II League Season 3,https://liquipedia.net/starcraft2/2017_Global_StarCraft_II_League_Season_3/Code_S,152100
major,20170701,20170918,2017 StarCraft II StarLeague Season 2 - Challenge,https://liquipedia.net/starcraft2/2017_StarCraft_II_StarLeague_Season_2/Challenge,11960
major,20170912,20170919,Ballistix Brawl Finals #1,https://liquipedia.net/starcraft2/Ballistix_Brawl/Finals_1,5000
major,20170916,20170922,WardiTV Team Liquid Map Contest,https://liquipedia.net/starcraft2/WardiTV_Team_Liquid_Map_Contest_Tournament,4000
premier,20170703,20170924,2017 StarCraft II StarLeague Season 2 - Premier,https://liquipedia.net/starcraft2/2017_StarCraft_II_StarLeague_Season_2/Premier,54910
premier,20170928,20171001,2017 AfreecaTV GSL Super Tournament 2,https://liquipedia.net/starcraft2/2017_AfreecaTV_GSL_Super_Tournament_2,26940
major,20170929,20171001,TaKe's Penthouse Party 3,https://liquipedia.net/starcraft2/TaKe%27s_Penthouse_Party_3,4350
major,20171003,20171013,Master's Coliseum 2,https://liquipedia.net/starcraft2/Master%27s_Coliseum/2,10000
premier,20171027,20171104,2017 WCS Global Finals,https://liquipedia.net/starcraft2/2017_WCS_Global_Finals,700000
premier,20171109,20171112,HomeStory Cup XVI,https://liquipedia.net/starcraft2/HomeStory_Cup/16,20000
major,20170523,20171119,Kung Fu Super League 2017,https://liquipedia.net/starcraft2/Kung_Fu_Super_League_2017,17000
major,20171112,20171125,2018 WCS Leipzig: China Qualifier,https://liquipedia.net/starcraft2/GPL_2017_Season_4,8550
major,20171007,20171126,Ting Open Season 4,https://liquipedia.net/starcraft2/Ting_Open_Season_4,4000
major,20171123,20171126,WESG 2017 - European Qualifier,https://liquipedia.net/starcraft2/World_Electronic_Sports_Games_2017/Europe_%26_CIS,40000
major,20171026,20171201,Nordic Championship 2017 Winter,https://liquipedia.net/starcraft2/Nordic_Championship_2017/Winter,6145
major,20171202,20171210,"2018 WCS Leipzig: Taiwan, Hong Kong, Macau and Japan Qualifier",https://liquipedia.net/starcraft2/2018_WCS_Leipzig/Qualifiers/Taiwan,9981
major,20171215,20171217,National Electronic Sports Open 2017,https://liquipedia.net/starcraft2/National_Electronic_Sports_Open_2017,13635
major,20171207,20171230,PeopleImages Starcraft League,https://liquipedia.net/starcraft2/PeopleImages_Starcraft_League,7000
major,20180105,20180107,2018 WCS Leipzig - Europe Qualifier,https://liquipedia.net/starcraft2/2018_WCS_Leipzig/Qualifiers/Europe,10000
major,20180105,20180107,2018 WCS Leipzig - North America Qualifier,https://liquipedia.net/starcraft2/2018_WCS_Leipzig/Qualifiers/North_America,10000
major,20180106,20180107,"2018 WCS Leipzig - Oceania, SEA Qualifier",https://liquipedia.net/starcraft2/2018_WCS_Leipzig/Qualifiers/SEA_Oceania,7660
major,20180104,20180114,OSC Championship Season 5,https://liquipedia.net/starcraft2/OSC_Championship_5,10000
major,20180111,20180114,WESG 2017 - Asia-Pacific Qualifier,https://liquipedia.net/starcraft2/World_Electronic_Sports_Games_2017/Asia-Pacific,40000
major,20180113,20180114,2018 WCS Leipzig - Latin America Qualifier,https://liquipedia.net/starcraft2/2018_WCS_Leipzig/Qualifiers/Latin_America,10000
major,20180120,20180121,Cheeseadelphia 6,https://liquipedia.net/starcraft2/Cheeseadelphia_6,7500
premier,20180126,20180128,2018 WCS Leipzig,https://liquipedia.net/starcraft2/2018_WCS_Leipzig,101000
major,20180201,20180204,WESG 2017 - North  South America Qualifier,https://liquipedia.net/starcraft2/World_Electronic_Sports_Games_2017/North_%26_South_America,34000
major,20180202,20180204,GPL 2017 - Grand Finals,https://liquipedia.net/starcraft2/GPL_2017_Grand_Finals,19070
premier,20180205,20180207,IEM Season XII - PyeongChang,https://liquipedia.net/starcraft2/IEM_Season_XII_-_PyeongChang,150000
major,20180214,20180220,WardiTV Team Liquid Map Contest #2,https://liquipedia.net/starcraft2/WardiTV_Team_Liquid_Map_Contest_Tournament_2,4000
premier,20180226,20180304,IEM Season XII - World Championship,https://liquipedia.net/starcraft2/IEM_Season_XII_-_World_Championship,412000
premier,20180313,20180318,World Electronic Sports Games 2017,https://liquipedia.net/starcraft2/World_Electronic_Sports_Games_2017,400000
major,20180320,20180324,GPL 2018 Season 1,https://liquipedia.net/starcraft2/GPL_2018_Season_1,12015
premier,20180106,20180331,2018 Global StarCraft II League Season 1,https://liquipedia.net/starcraft2/2018_Global_StarCraft_II_League_Season_1/Code_S,159452
premier,20180405,20180408,2018 AfreecaTV GSL Super Tournament 1,https://liquipedia.net/starcraft2/2018_AfreecaTV_GSL_Super_Tournament_1,28185
major,20180422,20180422,"2018 WCS Austin: Taiwan, Hong Kong, Macau and Japan Qualifier",https://liquipedia.net/starcraft2/2018_WCS_Austin/Qualifiers/Taiwan,10261
major,20180429,20180501,2018 Hangzhou StarCraft Carnival,https://liquipedia.net/starcraft2/2018_Hangzhou_StarCraft_Carnival,47310
major,20180505,20180505,"2018 WCS Austin - Oceania, SEA Qualifier",https://liquipedia.net/starcraft2/2018_WCS_Austin/Qualifiers/SEA_Oceania,7660
major,20180418,20180506,Copa América 2018 Season 1,https://liquipedia.net/starcraft2/Copa_America_2018/Season_1,10000
major,20180414,20180512,2018 WCS Austin - Europe Qualifier,https://liquipedia.net/starcraft2/2018_WCS_Austin/Qualifiers/Europe,10000
major,20180507,20180512,GPL 2018 Season 2,https://liquipedia.net/starcraft2/GPL_2018_Season_2,12015
major,20180414,20180513,2018 WCS Austin - North America Qualifier,https://liquipedia.net/starcraft2/2018_WCS_Austin/Qualifiers/North_America,10000
major,20180518,20180519,BTSL S1: Vancouver,https://liquipedia.net/starcraft2/BaseTradeTV_Star_League/2018/Season_1/BTSL:_Vancouver,8000
major,20180526,20180527,PeopleImages Starcraft League 2,https://liquipedia.net/starcraft2/PeopleImages_Starcraft_League_2,6000
premier,20180601,20180603,2018 WCS Austin,https://liquipedia.net/starcraft2/2018_WCS_Austin,101000
major,20180617,20180617,"2018 WCS Valencia - Oceania, SEA Qualifier",https://liquipedia.net/starcraft2/2018_WCS_Valencia/Qualifiers/SEA_Oceania,7660
premier,20180418,20180623,2018 Global StarCraft II League Season 2,https://liquipedia.net/starcraft2/2018_Global_StarCraft_II_League_Season_2/Code_S,159474
major,20180610,20180623,"2018 WCS Valencia - Taiwan, Hong Kong, Macau and Japan Qualifier",https://liquipedia.net/starcraft2/2018_WCS_Valencia/Qualifiers/Taiwan,10261
major,20180613,20180623,2018 WCS Valencia - Europe Qualifier,https://liquipedia.net/starcraft2/2018_WCS_Valencia/Qualifiers/Europe,10000
major,20180607,20180624,Copa América 2018 Season 2,https://liquipedia.net/starcraft2/Copa_America_2018/Season_2,10000
major,20180613,20180624,2018 WCS Valencia - North America Qualifier,https://liquipedia.net/starcraft2/2018_WCS_Valencia/Qualifiers/North_America,10000
major,20180625,20180630,GPL 2018 Season 3,https://liquipedia.net/starcraft2/GPL_2018_Season_3,12015
major,20180628,20180701,HomeStory Cup XVII,https://liquipedia.net/starcraft2/HomeStory_Cup/17,10000
premier,20180712,20180714,2018 WCS Valencia,https://liquipedia.net/starcraft2/2018_WCS_Valencia,101000
major,20180728,20180729,Cheeseadelphia 7,https://liquipedia.net/starcraft2/Cheeseadelphia_7,7500
major,20180731,20180805,WardiTV Team Liquid Map Contest #3,https://liquipedia.net/starcraft2/WardiTV_Team_Liquid_Map_Contest_Tournament_3,4000
premier,20180802,20180805,2018 GSL vs the World,https://liquipedia.net/starcraft2/2018_GSL_vs._the_World,94151
major,20180722,20180811,"2018 WCS Montreal - Taiwan, Hong Kong, Macau and Japan Qualifier",https://liquipedia.net/starcraft2/2018_WCS_Montreal/Qualifiers/Taiwan,9757
major,20180724,20180812,Copa América 2018 Season 3,https://liquipedia.net/starcraft2/Copa_America_2018/Season_3,10000
major,20180812,20180812,"2018 WCS Montreal - Oceania, SEA Qualifier",https://liquipedia.net/starcraft2/2018_WCS_Montreal/Qualifiers/SEA_Oceania,7660
major,20180811,20180825,2018 WCS Montreal - Europe Qualifier,https://liquipedia.net/starcraft2/2018_WCS_Montreal/Qualifiers/Europe,10000
major,20180722,20180826,2018 Master's Coliseum,https://liquipedia.net/starcraft2/Master%27s_Coliseum/3,27900
major,20180811,20180826,2018 WCS Montreal - North America Qualifier,https://liquipedia.net/starcraft2/2018_WCS_Montreal/Qualifiers/North_America,10000
premier,20180907,20180909,2018 WCS Montreal,https://liquipedia.net/starcraft2/2018_WCS_Montreal,101000
premier,20180704,20180915,2018 Global StarCraft II League Season 3,https://liquipedia.net/starcraft2/2018_Global_StarCraft_II_League_Season_3/Code_S,159474
major,20180723,20180923,QLASH SC2 Invitational,https://liquipedia.net/starcraft2/QLASH_SC2_Invitational,6213
major,20180925,20180926,NeXT 2018 Summer,https://liquipedia.net/starcraft2/Netease_Esports_X_Tournaments/2018/Summer,14337
premier,20180927,20180930,2018 AfreecaTV GSL Super Tournament 2,https://liquipedia.net/starcraft2/2018_AfreecaTV_GSL_Super_Tournament_2,26657
major,20181001,20181003,WESG 2018 - China Qualifier,https://liquipedia.net/starcraft2/World_Electronic_Sports_Games_2018/China,10218
major,20181005,20181007,TaKe's Penthouse Party 4,https://liquipedia.net/starcraft2/TaKe%27s_Penthouse_Party_4,4350
major,20180929,20181021,Ultimate Series,https://liquipedia.net/starcraft2/Ultimate_Series,7000
premier,20181026,20181103,2018 WCS Global Finals,https://liquipedia.net/starcraft2/2018_WCS_Global_Finals,700000
major,20181109,20181111,WESG 2018 - USA Qualifier,https://liquipedia.net/starcraft2/World_Electronic_Sports_Games_2018/North_%26_South_America/USA,19000
major,20181111,20181111,"2018 Suning ""Lion king"" Invitational",https://liquipedia.net/starcraft2/2018_Suning_Invitational_tournament,13000
premier,20181122,20181125,HomeStory Cup XVIII,https://liquipedia.net/starcraft2/HomeStory_Cup/18,20000
major,20181202,20181202,WESG 2018 - Canada Qualifier,https://liquipedia.net/starcraft2/World_Electronic_Sports_Games_2018/North_%26_South_America/Canada,11708
major,20181208,20181209,Cheeseadelphia 8,https://liquipedia.net/starcraft2/Cheeseadelphia_8,10000
major,20181213,20181215,WESG 2018 - SEA Qualifier,https://liquipedia.net/starcraft2/World_Electronic_Sports_Games_2018/Asia-Pacific/SEA,7500
major,20181124,20181216,Cup of Russia 2018,https://liquipedia.net/starcraft2/Cup_of_Russia_2018,7536
major,20190104,20190106,National Electronic Sports Open 2018,https://liquipedia.net/starcraft2/National_Electronic_Sports_Open_2018,13106
major,20181226,20190110,Master's Coliseum 4,https://liquipedia.net/starcraft2/Master%27s_Coliseum/4,5000
major,20181222,20190111,GPL 2018 - Grand Finals,https://liquipedia.net/starcraft2/GPL_2018_Grand_Finals,13085
major,20190103,20190113,OSC Championship Season 6,https://liquipedia.net/starcraft2/OSC_Championship_6,4000
major,20190118,20190119,NeXT 2018 Winter,https://liquipedia.net/starcraft2/Netease_Esports_X_Tournaments/2018/Winter,14337
major,20190115,20190121,2019 WCS Winter Americas China Qualifier,https://liquipedia.net/starcraft2/2019_WCS_Winter/Americas/Qualifiers/4,15989
major,20181221,20190126,QLASH Casters Invitational,https://liquipedia.net/starcraft2/QLASH_Casters_Invitational,7344
major,20181206,20190127,Ting Open Season 5,https://liquipedia.net/starcraft2/Ting_Open_Season_5,6000
major,20190211,20190217,WardiTV Team Liquid Map Contest #4,https://liquipedia.net/starcraft2/WardiTV_Team_Liquid_Map_Contest_Tournament_4,4000
premier,20190225,20190303,IEM Season XIII - Katowice,https://liquipedia.net/starcraft2/IEM_Season_XIII_-_Katowice,400000
premier,20190311,20190317,World Electronic Sports Games 2018,https://liquipedia.net/starcraft2/World_Electronic_Sports_Games_2018,240000
premier,20190131,20190406,2019 WCS Winter Americas,https://liquipedia.net/starcraft2/2019_WCS_Winter/Americas,60000
premier,20190131,20190407,2019 WCS Winter Europe,https://liquipedia.net/starcraft2/2019_WCS_Winter/Europe,60000
major,20190407,20190407,"2019 WCS Spring: Oceania, SEA Qualifier",https://liquipedia.net/starcraft2/2019_WCS_Spring/Qualifiers/SEA_Oceania,7660
major,20190330,20190413,"2019 WCS Spring: Taiwan, Hong Kong, Macau and Japan Qualifier",https://liquipedia.net/starcraft2/2019_WCS_Spring/Qualifiers/Taiwan,10261
premier,20190202,20190414,2019 Global StarCraft II League Season 1,https://liquipedia.net/starcraft2/2019_Global_StarCraft_II_League_Season_1/Code_S,151265
major,20190413,20190419,2019 WCS Spring: China Qualifier,https://liquipedia.net/starcraft2/2019_WCS_Spring/Qualifiers/China,16260
premier,20190418,20190421,2019 AfreecaTV GSL Super Tournament 1,https://liquipedia.net/starcraft2/2019_AfreecaTV_GSL_Super_Tournament_1,24653
major,20190416,20190428,2019 Latin America Spring Challenger,https://liquipedia.net/starcraft2/2019_WCS_Spring/Qualifiers/Latin_America,10000
major,20190420,20190504,2019 WCS Spring: Europe Qualifier,https://liquipedia.net/starcraft2/2019_WCS_Spring/Qualifiers/Europe,10000
major,20190420,20190505,2019 WCS Spring: North America Qualifier,https://liquipedia.net/starcraft2/2019_WCS_Spring/Qualifiers/North_America,10000
premier,20190517,20190519,2019 WCS Spring,https://liquipedia.net/starcraft2/2019_WCS_Spring,100000
major,20190521,20190606,"2019 WCS Summer: Oceania, SEA Qualifier",https://liquipedia.net/starcraft2/2019_WCS_Summer/Qualifiers/SEA_Oceania,6970
major,20190603,20190607,2019 WCS Summer: China Qualifier,https://liquipedia.net/starcraft2/2019_WCS_Summer/Qualifiers/China,15795
premier,20190613,20190616,Gold Professional Championship 2019 Season 1,https://liquipedia.net/starcraft2/GPC_2019_Season_1,23002
premier,20190429,20190622,2019 Global StarCraft II League Season 2,https://liquipedia.net/starcraft2/2019_Global_StarCraft_II_League_Season_2/Code_S,151265
major,20190608,20190622,2019 WCS Summer: Europe Qualifier,https://liquipedia.net/starcraft2/2019_WCS_Summer/Qualifiers/Europe,10000
major,20190608,20190622,"2019 WCS Summer: Taiwan, Hong Kong, Macau and Japan Qualifier",https://liquipedia.net/starcraft2/2019_WCS_Summer/Qualifiers/Taiwan,9634
major,20190608,20190623,2019 WCS Summer: North America Qualifier,https://liquipedia.net/starcraft2/2019_WCS_Summer/Qualifiers/North_America,10000
major,20190618,20190623,Copa América 2019 Season 1,https://liquipedia.net/starcraft2/Copa_America_2019/Season_1,10000
major,20190627,20190630,HomeStory Cup XIX,https://liquipedia.net/starcraft2/HomeStory_Cup/19,10000
major,20190702,20190707,WardiTV Team Liquid Map Contest #5,https://liquipedia.net/starcraft2/WardiTV_Team_Liquid_Map_Contest_Tournament_5,4000
premier,20190712,20190714,2019 WCS Summer,https://liquipedia.net/starcraft2/2019_WCS_Summer,100000
major,20190617,20190715,Master's Coliseum 5,https://liquipedia.net/starcraft2/Master%27s_Coliseum/5,10000
major,20190719,20190721,World Cyber Games 2019,https://liquipedia.net/starcraft2/World_Cyber_Games/2019,50000
major,20190724,20190728,2019 WCS Fall: China Qualifier,https://liquipedia.net/starcraft2/2019_WCS_Fall/Qualifiers/China,15880
major,20190727,20190728,Cheeseadelphia X,https://liquipedia.net/starcraft2/Cheeseadelphia/10,10000
premier,20190801,20190803,Assembly Summer 2019,https://liquipedia.net/starcraft2/Assembly_Summer/2019,25000
major,20190723,20190808,"2019 WCS Fall: Oceania, SEA Qualifier",https://liquipedia.net/starcraft2/2019_WCS_Fall/Qualifiers/SEA_Oceania,6758
major,20190727,20190811,Copa América 2019 Season 2,https://liquipedia.net/starcraft2/Copa_America_2019/Season_2,10000
premier,20190815,20190818,2019 GSL vs the World,https://liquipedia.net/starcraft2/2019_GSL_vs._the_World,82589
major,20190803,20190824,"2019 WCS Fall: Taiwan, Hong Kong, Macau and Japan Qualifier",https://liquipedia.net/starcraft2/2019_WCS_Fall/Qualifiers/Taiwan,9634
major,20190808,20190824,2019 WCS Fall: Europe Qualifier,https://liquipedia.net/starcraft2/2019_WCS_Fall/Qualifiers/Europe,10000
major,20190808,20190825,2019 WCS Fall: North America Qualifier,https://liquipedia.net/starcraft2/2019_WCS_Fall/Qualifiers/North_America,10000
premier,20190906,20190908,2019 WCS Fall,https://liquipedia.net/starcraft2/2019_WCS_Fall,100000
premier,20190703,20190928,2019 Global StarCraft II League Season 3,https://liquipedia.net/starcraft2/2019_Global_StarCraft_II_League_Season_3/Code_S,141700
premier,20191003,20191006,2019 AfreecaTV GSL Super Tournament 2,https://liquipedia.net/starcraft2/2019_AfreecaTV_GSL_Super_Tournament_2,25089
major,20191010,20191010,China Team Championship 2019 Season 2 Allstars,https://liquipedia.net/starcraft2/China_Team_Championship_2019_Season/2_Allstars,7300
premier,20191024,20191101,2019 WCS Global Finals,https://liquipedia.net/starcraft2/2019_WCS_Global_Finals,700000
major,20191031,20191103,WESG 2019 - SEA Qualifier,https://liquipedia.net/starcraft2/World_Electronic_Sports_Games/2019/Africa_%2B_Sea_and_Oceania/SEA,7500
major,20191109,20191109,WESG 2019 - USA Qualifier,https://liquipedia.net/starcraft2/World_Electronic_Sports_Games/2019/Americas/North_America/USA,6250
major,20191110,20191110,WESG 2019 - Canada Qualifier,https://liquipedia.net/starcraft2/World_Electronic_Sports_Games/2019/Americas/North_America/Canada,6250
premier,20191121,20191124,HomeStory Cup XX,https://liquipedia.net/starcraft2/HomeStory_Cup/20,53000
major,20191208,20191208,WESG 2019 - North America Qualifier,https://liquipedia.net/starcraft2/World_Electronic_Sports_Games/2019/Americas/North_America,17500
major,20191211,20191214,WESG 2019 - China Qualifier,https://liquipedia.net/starcraft2/World_Electronic_Sports_Games/2019/China,15054
major,20191214,20191215,Cheeseadelphia XI,https://liquipedia.net/starcraft2/Cheeseadelphia/11,15000
major,20191214,20191229,Copa América 2019 Season 3,https://liquipedia.net/starcraft2/Copa_America_2019/Season_3,10000
major,20191208,20200103,GPC 2019 - Grand Finals,https://liquipedia.net/starcraft2/GPC_2019/Grand_Finals,12940
major,20200103,20200119,OSC Championship Season 7,https://liquipedia.net/starcraft2/OSC_Championship_7,6000
major,20200126,20200202,WardiTV 2020,https://liquipedia.net/starcraft2/WardiTV_2020,6000
major,20200211,20200217,WardiTV Team Liquid Map Contest #6,https://liquipedia.net/starcraft2/WardiTV_Team_Liquid_Map_Contest_Tournament_6,4000
premier,20200224,20200301,IEM Katowice 2020,https://liquipedia.net/starcraft2/IEM_Katowice/2020,400000
premier,20200318,20200328,2020 AfreecaTV GSL Super Tournament 1,https://liquipedia.net/starcraft2/AfreecaTV_GSL_Super_Tournament/2020/1,30000
major,20200410,20200411,StayAtHome Story Cup #1,https://liquipedia.net/starcraft2/StayAtHome_Story_Cup/1,5000
major,20200418,20200524,Championship of Russia 2020,https://liquipedia.net/starcraft2/Championship_of_Russia/2020,6980
premier,20200411,20200606,2020 Global StarCraft II League Season 1,https://liquipedia.net/starcraft2/Global_StarCraft_II_League/2020/Season_1,140000
premier,20200516,20200607,TeamLiquid StarLeague 5,https://liquipedia.net/starcraft2/TeamLiquid_StarLeague/5,30000
major,20200611,20200613,StayAtHome Story Cup #2,https://liquipedia.net/starcraft2/StayAtHome_Story_Cup/2,5000
major,20200407,20200614,WardiTV Spring Championship,https://liquipedia.net/starcraft2/WardiTV_Spring_Championship,5000
major,20200625,20200626,Gold Series Team Championship 2020 Spring Allstars,https://liquipedia.net/starcraft2/Gold_Series_Team_Championship/2020/Spring/Allstars,7346
major,20200624,20200628,DH SC2 Masters 2020 Summer: TW / HK / MO / JP,https://liquipedia.net/starcraft2/ESL_Pro_Tour/2020/21/Masters/Summer/TW,14100
major,20200624,20200628,DH SC2 Masters 2020 Summer: Oceania / Rest of Asia,https://liquipedia.net/starcraft2/ESL_Pro_Tour/2020/21/Masters/Summer/OC,12000
major,20200701,20200705,DH SC2 Masters 2020 Summer: China,https://liquipedia.net/starcraft2/ESL_Pro_Tour/2020/21/Masters/Summer/CN,13800
premier,20200624,20200712,DH SC2 Masters 2020 Summer: Europe,https://liquipedia.net/starcraft2/ESL_Pro_Tour/2020/21/Masters/Summer/EU,84000
premier,20200630,20200712,DH SC2 Masters 2020 Summer: North America,https://liquipedia.net/starcraft2/ESL_Pro_Tour/2020/21/Masters/Summer/NA,38000
premier,20200716,20200719,DH SC2 Masters 2020 Summer: Season Finals,https://liquipedia.net/starcraft2/ESL_Pro_Tour/2020/21/Masters/Summer,57000
premier,20200709,20200813,Douyu Cup 2020,https://liquipedia.net/starcraft2/Douyu_Cup/2020,21166
premier,20200620,20200815,2020 Global StarCraft II League Season 2,https://liquipedia.net/starcraft2/Global_StarCraft_II_League/2020/Season_2,140000
major,20200826,20200830,DH SC2 Masters 2020 Fall: Latin America,https://liquipedia.net/starcraft2/ESL_Pro_Tour/2020/21/Masters/Fall/LA,17200
major,20200826,20200830,DH SC2 Masters 2020 Fall: TW / HK / MO / JP,https://liquipedia.net/starcraft2/ESL_Pro_Tour/2020/21/Masters/Fall/TW,14100
major,20200826,20200830,DH SC2 Masters 2020 Fall: Oceania / Rest of Asia,https://liquipedia.net/starcraft2/ESL_Pro_Tour/2020/21/Masters/Fall/OC,12000
major,20200725,20200904,NeXT 2020 Summer,https://liquipedia.net/starcraft2/Netease_Esports_X_Tournaments/2020/Summer,14615
major,20200902,20200906,DH SC2 Masters 2020 Fall: China,https://liquipedia.net/starcraft2/ESL_Pro_Tour/2020/21/Masters/Fall/CN,14100
premier,20200826,20200913,DH SC2 Masters 2020 Fall: Europe,https://liquipedia.net/starcraft2/ESL_Pro_Tour/2020/21/Masters/Fall/EU,84000
premier,20200901,20200913,DH SC2 Masters 2020 Fall: North America,https://liquipedia.net/starcraft2/ESL_Pro_Tour/2020/21/Masters/Fall/NA,38000
premier,20200915,20200920,DH SC2 Masters 2020 Fall: Season Finals,https://liquipedia.net/starcraft2/ESL_Pro_Tour/2020/21/Masters/Fall,57000
major,20201008,20201009,Gold Series Team Championship 2020 Fall Allstars,https://liquipedia.net/starcraft2/Gold_Series_Team_Championship/2020/Fall/Allstars,7767
premier,20201003,20201011,King of Battles: KB International Championship,https://liquipedia.net/starcraft2/King_of_Battles,30000
major,20201021,20201025,DH SC2 Masters 2020 Winter: Latin America,https://liquipedia.net/starcraft2/ESL_Pro_Tour/2020/21/Masters/Winter/LA,17200
major,20201021,20201025,DH SC2 Masters 2020 Winter: TW / HK / MO / JP,https://liquipedia.net/starcraft2/ESL_Pro_Tour/2020/21/Masters/Winter/TW,14100
major,20201021,20201025,DH SC2 Masters 2020 Winter: Oceania / Rest of Asia,https://liquipedia.net/starcraft2/ESL_Pro_Tour/2020/21/Masters/Winter/OC,12000
premier,20200829,20201101,2020 Global StarCraft II League Season 3,https://liquipedia.net/starcraft2/Global_StarCraft_II_League/2020/Season_3,140000
major,20201028,20201101,DH SC2 Masters 2020 Winter: China,https://liquipedia.net/starcraft2/ESL_Pro_Tour/2020/21/Masters/Winter/CN,14100
premier,20201021,20201108,DH SC2 Masters 2020 Winter: Europe,https://liquipedia.net/starcraft2/ESL_Pro_Tour/2020/21/Masters/Winter/EU,84000
premier,20201027,20201108,DH SC2 Masters 2020 Winter: North America,https://liquipedia.net/starcraft2/ESL_Pro_Tour/2020/21/Masters/Winter/NA,38000
premier,20201110,20201115,DH SC2 Masters 2020 Winter: Season Finals,https://liquipedia.net/starcraft2/ESL_Pro_Tour/2020/21/Masters/Winter,57000
major,20201127,20201129,ASUS ROG Online 2020,https://liquipedia.net/starcraft2/Assembly_Online/2020,15000
major,20201130,20201206,NeXT 2020 Winter,https://liquipedia.net/starcraft2/Netease_Esports_X_Tournaments/2020/Winter,15310
premier,20201202,20201212,2020 AfreecaTV GSL Super Tournament 2,https://liquipedia.net/starcraft2/AfreecaTV_GSL_Super_Tournament/2020/2,30000
premier,20201205,20201220,TeamLiquid StarLeague 6,https://liquipedia.net/starcraft2/TeamLiquid_StarLeague/6,30000
major,20210102,20210111,OSC Championship Season 8,https://liquipedia.net/starcraft2/OSC_Championship_8,5735
premier,20210112,20210117,DH SC2 Masters 2020: Last Chance 2021,https://liquipedia.net/starcraft2/ESL_Pro_Tour/2020/21/Masters/Last_Chance,57000
major,20210123,20210124,Cheeseadelphia Winter Championship 2021,https://liquipedia.net/starcraft2/Cheeseadelphia/2021/Winter_Championship,10000
premier,20210127,20210130,2021 AfreecaTV GSL Super Tournament 1,https://liquipedia.net/starcraft2/AfreecaTV_GSL_Super_Tournament/2021/1,25600
major,20210123,20210207,WardiTV 2021,https://liquipedia.net/starcraft2/WardiTV_2021,8300
premier,20210220,20210228,IEM Katowice 2021,https://liquipedia.net/starcraft2/IEM_Katowice/2021,250000
major,20210311,20210314,StayAtHome Story Cup #3,https://liquipedia.net/starcraft2/StayAtHome_Story_Cup/3,5000
premier,20210405,20210506,2021 Global StarCraft II League Season 1: Code S,https://liquipedia.net/starcraft2/Global_StarCraft_II_League/2021/Season_1,118000
major,20210411,20210511,WardiTV Spring Championship 2021,https://liquipedia.net/starcraft2/WardiTV_Spring_Championship_2021,5420
major,20210501,20210523,Championship of Russia 2021,https://liquipedia.net/starcraft2/Championship_of_Russia/2021,6791
major,20210519,20210523,DH SC2 Masters 2021 Summer: TW/HK,https://liquipedia.net/starcraft2/ESL_Pro_Tour/2021/22/Masters/Summer/TW,12200
major,20210519,20210523,DH SC2 Masters 2021 Summer: Oceania,https://liquipedia.net/starcraft2/ESL_Pro_Tour/2021/22/Masters/Summer/OC,12200
premier,20210517,20210527,2021 AfreecaTV GSL Super Tournament 2,https://liquipedia.net/starcraft2/AfreecaTV_GSL_Super_Tournament/2021/2,25600
major,20210519,20210530,DH SC2 Masters 2021 Summer: Latin America,https://liquipedia.net/starcraft2/ESL_Pro_Tour/2021/22/Masters/Summer/LA,14500
major,20210526,20210530,DH SC2 Masters 2021 Summer: China,https://liquipedia.net/starcraft2/ESL_Pro_Tour/2021/22/Masters/Summer/CN,14500
premier,20210519,20210606,DH SC2 Masters 2021 Summer: Europe,https://liquipedia.net/starcraft2/ESL_Pro_Tour/2021/22/Masters/Summer/EU,74000
premier,20210525,20210606,DH SC2 Masters 2021 Summer: North America,https://liquipedia.net/starcraft2/ESL_Pro_Tour/2021/22/Masters/Summer/NA,33600
premier,20210607,20210624,NeXT 2021 S1 – SC2 Masters,https://liquipedia.net/starcraft2/Netease_Esports_X_Tournaments/2021/1,23170
premier,20210612,20210627,TeamLiquid StarLeague 7,https://liquipedia.net/starcraft2/TeamLiquid_StarLeague/7,31000
premier,20210701,20210704,DH SC2 Masters 2021 Summer: Season Finals,https://liquipedia.net/starcraft2/ESL_Pro_Tour/2021/22/Masters/Summer,50000
major,20210706,20210712,WardiTV Team Liquid Map Contest #7,https://liquipedia.net/starcraft2/WardiTV_Team_Liquid_Map_Contest_Tournament_7,4000
major,20210612,20210717,ESL ANZ Champs 2021 - Season 1,https://liquipedia.net/starcraft2/ESL_ANZ_Champs/2021/Season_1,5549
premier,20210628,20210729,2021 Global StarCraft II League Season 2: Code S,https://liquipedia.net/starcraft2/Global_StarCraft_II_League/2021/Season_2,118000
major,20210728,20210801,DH SC2 Masters 2021 Fall: TW/HK,https://liquipedia.net/starcraft2/ESL_Pro_Tour/2021/22/Masters/Fall/TW,12200
major,20210728,20210801,DH SC2 Masters 2021 Fall: Oceania,https://liquipedia.net/starcraft2/ESL_Pro_Tour/2021/22/Masters/Fall/OC,12200
major,20210728,20210801,DH SC2 Masters 2021 Fall: Latin America,https://liquipedia.net/starcraft2/ESL_Pro_Tour/2021/22/Masters/Fall/LA,14500
major,20210804,20210808,DH SC2 Masters 2021 Fall: China,https://liquipedia.net/starcraft2/ESL_Pro_Tour/2021/22/Masters/Fall/CN,14500
premier,20210728,20210815,DH SC2 Masters 2021 Fall: Europe,https://liquipedia.net/starcraft2/ESL_Pro_Tour/2021/22/Masters/Fall/EU,74000
premier,20210803,20210815,DH SC2 Masters 2021 Fall: North America,https://liquipedia.net/starcraft2/ESL_Pro_Tour/2021/22/Masters/Fall/NA,33600
premier,20210907,20210912,DH SC2 Masters 2021 Fall: Season Finals,https://liquipedia.net/starcraft2/ESL_Pro_Tour/2021/22/Masters/Fall,50000
major,20210917,20210919,ASUS ROG Fall 2021,https://liquipedia.net/starcraft2/ASUS_ROG/2021/Fall,15000
major,20210929,20211003,DH SC2 Masters 2021 Winter: TW/HK,https://liquipedia.net/starcraft2/ESL_Pro_Tour/2021/22/Masters/Winter/TW,12200
major,20210929,20211003,DH SC2 Masters 2021 Winter: Oceania,https://liquipedia.net/starcraft2/ESL_Pro_Tour/2021/22/Masters/Winter/OC,12200
major,20210929,20211003,DH SC2 Masters 2021 Winter: Latin America,https://liquipedia.net/starcraft2/ESL_Pro_Tour/2021/22/Masters/Winter/LA,14500
premier,20210830,20211007,2021 Global StarCraft II League Season 3: Code S,https://liquipedia.net/starcraft2/Global_StarCraft_II_League/2021/Season_3,118000
major,20211006,20211010,DH SC2 Masters 2021 Winter: China,https://liquipedia.net/starcraft2/ESL_Pro_Tour/2021/22/Masters/Winter/CN,14500
premier,20210929,20211017,DH SC2 Masters 2021 Winter: Europe,https://liquipedia.net/starcraft2/ESL_Pro_Tour/2021/22/Masters/Winter/EU,74000
premier,20211005,20211017,DH SC2 Masters 2021 Winter: North America,https://liquipedia.net/starcraft2/ESL_Pro_Tour/2021/22/Masters/Winter/NA,33600
major,20211021,20211024,StayAtHome Story Cup #4,https://liquipedia.net/starcraft2/StayAtHome_Story_Cup/4,5000
major,20211025,20211031,PiG Sty Festival,https://liquipedia.net/starcraft2/PiG_Sty_Festival,6960
premier,20211109,20211114,DH SC2 Masters 2021 Winter: Season Finals,https://liquipedia.net/starcraft2/ESL_Pro_Tour/2021/22/Masters/Winter,50000
major,20211119,20211121,King of Battles 2,https://liquipedia.net/starcraft2/King_of_Battles/2,15000
